userID,first_name,last_name
U1001,William,Mcvey
U1002,Rosalee,Brooks
U1003,Milton,Caviness
U1004,Lucy,Tandy
U1005,Peter,Mesich
U1006,Marjorie,Brown
U1007,Virgil,Davidson
U1008,Alvin,Dalton
U1009,Phyllis,Cartwright
U1010,Felipe,Collins
U1011,Colleen,Aguilar
U1012,Michelle,Bundy
U1013,Michael,Rainey
U1014,Lucille,Torrence
U1015,Raymond,Felice
U1016,Charles,Wilson
U1017,Stephanie,Doil
U1018,Laura,Dunn
U1019,Michael,Kelso
U1020,Brian,Dewitt
U1021,Hugh,Bell
U1022,Inez,Arroyo
U1023,Bruce,Bennett
U1024,Vickie,Sparrow
U1025,Duane,Houston
U1026,William,Baker
U1027,Lloyd,Mccarthy
U1028,Kristi,Kelly
U1029,Jessica,Rose
U1030,Elizabeth,Covert
U1031,Mary,Wynne
U1032,Edna,Belew
U1033,Tawanda,Lehrman
U1034,Jessica,Bradford
U1035,Kyle,Tauscher
U1036,Kathryn,Brockway
U1037,Homer,Prado
U1038,Rodney,Meis
U1039,Linda,Roberts
U1040,Catherine,Pate
U1041,Richard,Mosier
U1042,Miguel,Allen
U1043,Mel,Bryant
U1044,Elia,Davis
U1045,Cynthia,Washington
U1046,Norma,Garrison
U1047,Lillian,Benson
U1048,Darla,Chesser
U1049,Garry,Shelton
U1050,Karl,Meza
U1051,Donnie,Doner
U1052,Rodney,Ly
U1053,Charles,Gleim
U1054,George,Mireles
U1055,Richard,Garcia
U1056,Lavonne,Porras
U1057,Barbara,Montes
U1058,Dianna,Hance
U1059,Sue,Ferreira
U1060,Samuel,Moore
U1061,Jerry,Gurley
U1062,George,Cady
U1063,Maria,Eldridge
U1064,Cecil,Rogers
U1065,Judy,Kennedy
U1066,Barbara,Lorusso
U1067,Donna,Johnson
U1068,Jessica,Lindall
U1069,Kathy,Partida
U1070,Maria,Engelking
U1071,Earnestine,Gordon
U1072,Terry,Thome
U1073,Elsie,Frias
U1074,Harold,Larson
U1075,Earl,Smith
U1076,Nicholas,Balentine
U1077,Ruth,Davis
U1078,Marjorie,Swartz
U1079,Larry,Cook
U1080,Terry,Burke
U1081,George,Barrett
U1082,Jeanne,Smith
U1083,Pearly,Karst
U1084,Peter,Fleck
U1085,Lawrence,Joyner
U1086,Charles,Gooden
U1087,Christopher,Holeman
U1088,Danielle,Chacko
U1089,Richard,Thom
U1090,Richard,Sibbett
U1091,Donald,Kimbrell
U1092,Bernard,Casares
U1093,John,Burchfield
U1094,Joyce,Walker
U1095,Kathleen,Harrison
U1096,Gregory,Luyando
U1097,Charles,Herron
U1098,Jeffrey,Lamons
U1099,William,Puckett
U1100,Enrique,Hunt
U1101,Frances,Connelly
U1102,Phyllis,White
U1103,Peter,Austin
U1104,Olga,Rivera
U1105,Rosaline,Hammonds
U1106,Megan,Petrucci
U1107,Harry,Peery
U1108,Jose,Herrera
U1109,Julie,Chavez
U1110,Chandra,Eison
U1111,Wesley,Perez
U1112,William,Dietz
U1113,David,Chavez
U1114,Sharon,Garcia
U1115,Dorothy,Harrower
U1116,Kimberly,Cox
U1117,Albert,Cannata
U1118,Curtis,Emmett
U1119,Ernie,Whitener
U1120,Janelle,Medina
U1121,Ian,Irvine
U1122,Carolyn,Andrade
U1123,Maria,Huckins
U1124,Charles,Nowell
U1125,John,Arnold
U1126,Virginia,Stanely
U1127,Christine,James
U1128,Christopher,Scott
U1129,Glenn,Edmonds
U1130,Roosevelt,Wall
U1131,Nina,Stevens
U1132,Georgianna,Maurer
U1133,Gustavo,Jenkins
U1134,Edgar,Lowman
U1135,Michael,Williams
U1136,Maria,Robertson
U1137,Bonita,Curry
U1138,Tracy,Trevethan
U1139,Arthur,Santos
U1140,Laís,Dib
U1141,Luã,Maury
